Industry,Ratio,10MA,Trend,Slope,Status
Business Equipment & Supplies,1.0,0.1,Up,0.1,Overbought
Electronics & Computer Distribution,0.8571428571428571,0.8571428571428571,Down,-0.014285714285714235,Overbought
REIT - Hotel & Motel,0.8,0.53,Up,0.08000000000000002,Overbought
Department Stores,0.6666666666666666,0.6,Up,0.06666666666666665,Overbought
Copper,0.6666666666666666,0.16666666666666663,Up,0.06666666666666665,Overbought
Consumer Electronics,0.6,0.48500000000000004,Up,0.020000000000000073,Overbought
Oil & Gas Refining & Marketing,0.5833333333333334,0.55,Up,0.04166666666666663,Overbought
Electronic Components,0.5714285714285714,0.5573891625615763,Down,-0.0071428571428572285,Overbought
Software - Application,0.5353535353535354,0.26671655328798183,Up,0.032106782106782056,Overbought
Publishing,0.5,0.2,Up,0.05000000000000002,Overbought
Steel,0.5,0.15999999999999998,Up,0.04000000000000001,Overbought
Semiconductor Equipment & Materials,0.5,0.5923076923076922,Up,0.0018518518518517713,Overbought
Insurance - Reinsurance,0.5,0.2333333333333333,Up,0.0333333333333333,Overbought
Medical Distribution,0.5,0.05,Up,0.05,Overbought
Software - Infrastructure,0.4891304347826087,0.3788009991017539,Up,0.01071079628724958,Overbought
Marine Shipping,0.4375,0.3866666666666666,Up,0.023749999999999938,Overbought
Semiconductors,0.42592592592592593,0.5944444444444444,Down,-0.022222222222222143,Overbought
Industrial Distribution,0.42105263157894735,0.3631578947368421,Up,0.005263157894736914,Overbought
Diagnostics & Research,0.41935483870967744,0.5411827956989248,Down,-0.021397849462365448,Overbought
Electronic Gaming & Multimedia,0.4,0.4,Down,0.0,Overbought
Drug Manufacturers - General,0.4,0.22666666666666666,Up,0.020000000000000018,Overbought
Communication Equipment,0.4,0.4264615384615385,Down,-0.0040000000000000036,Overbought
Health Information Services,0.4,0.325,Up,0.013684210526315799,Overbought
Tobacco,0.4,0.14,Up,0.04000000000000001,Overbought
Drug Manufacturers - Specialty & Generic,0.39285714285714285,0.262037037037037,Up,0.020767195767195767,Overbought
Internet Retail,0.3888888888888889,0.16666666666666669,Up,0.02777777777777779,Overbought
Insurance - Property & Casualty,0.3888888888888889,0.14797692429271375,Up,0.033483483483483456,Overbought
Advertising Agencies,0.36363636363636365,0.26742424242424245,Up,0.011363636363636409,Normal
Computer Hardware,0.35294117647058826,0.41307189542483663,Down,-0.014705882352941124,Normal
Oil & Gas Integrated,0.35294117647058826,0.24705882352941178,Down,0.0,Normal
Apparel Manufacturing,0.3333333333333333,0.15833333333333335,Up,0.024999999999999994,Normal
Luxury Goods,0.3333333333333333,0.25,Up,0.013333333333333336,Normal
Medical Instruments & Supplies,0.3333333333333333,0.2333333333333333,Up,0.009999999999999981,Normal
Consulting Services,0.3333333333333333,0.13333333333333333,Up,0.033333333333333326,Normal
Healthcare Plans,0.3333333333333333,0.14444444444444443,Up,0.03333333333333331,Normal
Oil & Gas Midstream,0.30952380952380953,0.22857142857142856,Up,0.021428571428571436,Normal
Electrical Equipment & Parts,0.2857142857142857,0.2747619047619048,Up,0.0019047619047619646,Normal
Food Distribution,0.2857142857142857,0.08571428571428572,Up,0.028571428571428574,Normal
Footwear & Accessories,0.2857142857142857,0.19999999999999998,Up,0.02857142857142858,Normal
Education & Training Services,0.2857142857142857,0.12857142857142856,Up,0.021428571428571422,Normal
"Furnishings, Fixtures & Appliances",0.2727272727272727,0.08181818181818182,Up,0.027272727272727275,Normal
Credit Services,0.25925925925925924,0.08492063492063491,Up,0.02592592592592592,Normal
Beverages - Non-Alcoholic,0.25,0.05833333333333333,Up,0.024999999999999994,Normal
Specialty Business Services,0.25,0.15471014492753624,Up,0.00416666666666668,Normal
Medical Care Facilities,0.25,0.19254032258064516,Up,0.0062500000000000056,Normal
Personal Services,0.25,0.0875,Up,0.024999999999999994,Normal
Specialty Industrial Machinery,0.23529411764705882,0.20462745098039217,Up,0.009803921568627472,Normal
Scientific & Technical Instruments,0.23529411764705882,0.27647058823529413,Down,0.0,Normal
Other Industrial Metals & Mining,0.23076923076923078,0.09423076923076923,Up,0.015934065934065933,Normal
Internet Content & Information,0.22727272727272727,0.15354978354978355,Up,0.013636363636363613,Normal
REIT - Specialty,0.21428571428571427,0.04285714285714286,Up,0.02142857142857143,Normal
Entertainment,0.21428571428571427,0.189021164021164,Up,0.017724867724867727,Normal
Household & Personal Products,0.2,0.053333333333333344,Up,0.006666666666666675,Normal
Engineering & Construction,0.1935483870967742,0.16548387096774192,Up,0.006451612903225795,Normal
Financial Data & Stock Exchanges,0.18181818181818182,0.045454545454545456,Up,0.018181818181818184,Normal
Metal Fabrication,0.18181818181818182,0.15454545454545457,Down,0.0,Normal
Building Products & Equipment,0.17391304347826086,0.0927536231884058,Up,0.013224637681159418,Normal
Leisure,0.16666666666666666,0.08333333333333333,Up,0.008333333333333331,Normal
Travel Services,0.16666666666666666,0.13333333333333333,Up,0.016666666666666677,Normal
Utilities - Diversified,0.16666666666666666,0.1,Down,0.0,Normal
Beverages - Brewers,0.16666666666666666,0.016666666666666666,Up,0.016666666666666666,Normal
Information Technology Services,0.16216216216216217,0.09689426268373637,Up,0.005405405405405406,Normal
Specialty Retail,0.15789473684210525,0.13473684210526313,Down,-2.7755575615628914e-17,Normal
Integrated Freight & Logistics,0.15384615384615385,0.10769230769230771,Up,0.007692307692307707,Normal
Apparel Retail,0.15,0.16,Up,0.010000000000000009,Normal
Restaurants,0.14814814814814814,0.06296296296296296,Up,0.011111111111111106,Normal
Biotechnology,0.14736842105263157,0.10908075363983656,Up,0.0029419703103913675,Normal
Agricultural Inputs,0.14285714285714285,0.05714285714285714,Up,0.014285714285714284,Normal
Telecom Services,0.12903225806451613,0.11935483870967742,Up,1.3877787807814457e-17,Normal
Oil & Gas Equipment & Services,0.12903225806451613,0.08786962365591397,Up,0.0032258064516128976,Normal
Grocery Stores,0.125,0.05,Up,0.012500000000000004,Normal
Rental & Leasing Services,0.125,0.09375,Up,0.0062500000000000056,Normal
Security & Protection Services,0.125,0.14583333333333331,Down,0.0,Normal
Oil & Gas E&P,0.11363636363636363,0.05227272727272727,Up,0.01136363636363636,Normal
Discount Stores,0.1111111111111111,0.12222222222222223,Up,2.7755575615628914e-17,Normal
Lodging,0.1111111111111111,0.16666666666666666,Up,0.011111111111111127,Normal
Auto Manufacturers,0.1111111111111111,0.042222222222222223,Up,0.011111111111111113,Normal
Medical Devices,0.10526315789473684,0.15404459424423128,Down,-0.0035087719298245446,Normal
Asset Management,0.10294117647058823,0.09965403163212073,Up,0.0031512605042016834,Normal
Insurance - Specialty,0.09090909090909091,0.02727272727272727,Up,0.00909090909090909,Oversold
Trucking,0.08333333333333333,0.04999999999999999,Up,0.008333333333333338,Oversold
REIT - Office,0.08333333333333333,0.008333333333333333,Up,0.008333333333333333,Oversold
Closed-End Fund - Equity,0.08333333333333333,0.035885885885885885,Up,0.00555555555555556,Oversold
Resorts & Casinos,0.08333333333333333,0.041666666666666664,Up,0.008333333333333331,Oversold
Auto & Truck Dealerships,0.07692307692307693,0.08461538461538462,Down,0.0,Oversold
Specialty Chemicals,0.07692307692307693,0.12914979757085018,Down,-0.0076923076923077205,Oversold
Insurance - Life,0.07692307692307693,0.03846153846153847,Down,-0.015384615384615372,Oversold
REIT - Industrial,0.07142857142857142,0.05714285714285714,Up,0.007142857142857138,Oversold
Residential Construction,0.07142857142857142,0.12857142857142856,Down,-0.005357142857142866,Oversold
Packaging & Containers,0.07142857142857142,0.09285714285714285,Down,0.0,Oversold
Aerospace & Defense,0.07017543859649122,0.10149753401622115,Down,-0.0014570324115373151,Oversold
Insurance - Brokers,0.06666666666666667,0.12666666666666665,Down,-0.006666666666666682,Oversold
Shell Companies,0.06451612903225806,0.04203357899041011,Up,0.006451612903225809,Oversold
Packaged Foods,0.0625,0.03821236559139785,Up,0.0032196969696969766,Oversold
Farm & Heavy Construction Machinery,0.058823529411764705,0.11176470588235295,Down,-0.01764705882352942,Oversold
Capital Markets,0.04878048780487805,0.0947451584150393,Down,-0.009407665505226467,Oversold
Gold,0.030303030303030304,0.006060606060606061,Up,0.0030303030303030303,Oversold
Banks - Regional,0.010638297872340425,0.03981898993788856,Down,-0.0025259138025095496,Oversold
Airlines,0.0,0.11666666666666665,Down,0.0,Oversold
Broadcasting,0.0,0.13333333333333333,Down,-0.04999999999999999,Oversold
Beverages - Wineries & Distilleries,0.0,0.0,Down,0.0,Oversold
Banks - Diversified,0.0,0.015,Down,0.0,Oversold
Auto Parts,0.0,0.003333333333333333,Down,0.0,Oversold
Aluminum,0.0,0.0,Down,0.0,Oversold
Airports & Air Services,0.0,0.0,Down,0.0,Oversold
Gambling,0.0,0.0,Down,0.0,Oversold
Chemicals,0.0,0.15892857142857142,Down,-0.024999999999999994,Oversold
Conglomerates,0.0,0.0,Down,0.0,Oversold
Confectioners,0.0,0.0,Down,0.0,Oversold
Coking Coal,0.0,0.0,Down,0.0,Oversold
Closed-End Fund - Foreign,0.0,0.0,Down,0.0,Oversold
Building Materials,0.0,0.0,Down,0.0,Oversold
Financial Conglomerates,0.0,0.15,Down,-0.024999999999999994,Oversold
Farm Products,0.0,0.0,Down,0.0,Oversold
Closed-End Fund - Debt,0.0,0.0,Down,0.0,Oversold
Lumber & Wood Production,0.0,0.0,Down,0.0,Oversold
Home Improvement Retail,0.0,0.05,Down,0.0,Oversold
Infrastructure Operations,0.0,0.0,Down,0.0,Oversold
Insurance - Diversified,0.0,0.0,Down,-0.014285714285714285,Oversold
Real Estate Services,0.0,0.0,Down,0.0,Oversold
Recreational Vehicles,0.0,0.01,Down,0.0,Oversold
REIT - Diversified,0.0,0.0,Down,0.0,Oversold
Real Estate - Development,0.0,0.0,Down,0.0,Oversold
Railroads,0.0,0.05,Down,0.0,Oversold
Real Estate - Diversified,0.0,0.0,Down,0.0,Oversold
Paper & Paper Products,0.0,0.0,Down,-0.05,Oversold
Oil & Gas Drilling,0.0,0.0,Down,0.0,Oversold
Mortgage Finance,0.0,0.0,Down,0.0,Oversold
Other Precious Metals & Mining,0.0,0.0,Down,0.0,Oversold
Pollution & Treatment Controls,0.0,0.1,Down,-0.024999999999999994,Oversold
REIT - Healthcare Facilities,0.0,0.007692307692307704,Down,0.0,Oversold
REIT - Retail,0.0,0.008695652173913044,Down,0.0,Oversold
REIT - Residential,0.0,0.0,Down,0.0,Oversold
REIT - Mortgage,0.0,0.0,Down,0.0,Oversold
Silver,0.0,0.03333333333333333,Down,0.0,Oversold
Staffing & Employment Services,0.0,0.0125,Down,0.0,Oversold
Solar,0.0,0.0,Down,0.0,Oversold
Thermal Coal,0.0,0.0,Down,0.0,Oversold
Textile Manufacturing,0.0,0.3,Down,-0.10000000000000003,Oversold
Tools & Accessories,0.0,0.05714285714285714,Down,0.0,Oversold
Uranium,0.0,0.0,Down,0.0,Oversold
Utilities - Independent Power Producers,0.0,0.0,Down,0.0,Oversold
Utilities - Regulated Electric,0.0,0.002941176470588241,Down,0.0,Oversold
Utilities - Regulated Gas,0.0,0.0,Down,0.0,Oversold
Utilities - Regulated Water,0.0,0.0,Down,0.0,Oversold
Utilities - Renewable,0.0,0.0,Down,0.0,Oversold
Waste Management,0.0,0.03333333333333333,Down,0.0,Oversold
