Sector,Ratio,10MA,Trend,Slope,Status
Technology,0.44794188861985473,0.3847295692527567,Up,0.006351366477557241,Overbought
Healthcare,0.2283653846153846,0.18709287554956683,Up,0.004654720279720248,Normal
Energy,0.22151898734177214,0.1602140036268537,Up,0.01265822784810125,Normal
Communication Services,0.22115384615384615,0.17930309068968378,Up,0.008782051282051284,Normal
Industrials,0.16666666666666666,0.14730093622349888,Up,0.004780361757105944,Normal
Consumer Defensive,0.15447154471544716,0.06073819591315266,Up,0.01138211382113822,Normal
Consumer Cyclical,0.15162454873646208,0.10313401690100447,Up,0.009786110787624702,Normal
Basic Materials,0.11409395973154363,0.07247264204429842,Up,0.004124627761233832,Normal
Real Estate,0.09848484848484848,0.05361767527517723,Up,0.009848484848484843,Normal
Financial,0.07964601769911504,0.06010102826020074,Up,0.0029386052361160056,Oversold
Utilities,0.013157894736842105,0.009210526315789473,Down,0.0,Oversold
